,lat,lon,house_number,road,neighbourhood,city,county,state,postcode,country
0,37.40994,-122.13772,3736,Laguna Oaks Place,Barron Park,Palo Alto,Santa Clara County,California,94306,USA
1,37.41114,-122.14049,912,Roble Ridge Road,Barron Park,Palo Alto,Santa Clara County,California,94306,USA
2,37.41216,-122.13959,3505,Laguna Avenue,Barron Park,Palo Alto,Santa Clara County,California,94306,USA
3,37.41175,-122.13934,3509,Laguna Court,Barron Park,Palo Alto,Santa Clara County,California,94306,USA
4,37.41137,-122.13888,3569,Laguna Avenue,Barron Park,Palo Alto,Santa Clara County,California,94306,USA
5,37.41175,-122.13934,3509,Laguna Court,Barron Park,Palo Alto,Santa Clara County,California,94306,USA
6,37.41057,-122.13739,3717,Laguna Avenue,Barron Park,Palo Alto,Santa Clara County,California,94306,USA
7,37.41154,-122.13907,3559,Laguna Avenue,Barron Park,Palo Alto,Santa Clara County,California,94306,USA
8,37.43131,-122.16937,,,,,Santa Clara County,California,94305-6015,USA
9,37.43131,-122.16937,,,,,Santa Clara County,California,94305-6015,USA
10,37.42467,-122.14723,2305,Yale Street,College Terrace,Palo Alto,Santa Clara County,California,94304-1050,USA
11,37.42404,-122.14704,624,California Avenue,Evergreen Park,Palo Alto,Santa Clara County,California,94036,USA
12,37.4211,-122.14812,901,South California Avenue,College Terrace,Palo Alto,Santa Clara County,California,94306,USA
13,37.4098,-122.13593,3809,Laguna Avenue,Barron Park,Palo Alto,Santa Clara County,California,94306,USA
14,37.4134,-122.1298,689,Los Robles Avenue,Barron Park,Palo Alto,Santa Clara County,California,94306,USA
15,37.41118,-122.11961,390,Edlee Avenue,Charleston Meadows,Palo Alto,Santa Clara County,California,94023,USA
16,37.39502,-122.08971,1612,California Street,Castro City,Mountain View,Santa Clara County,California,94041,USA
17,37.39342,-122.08629,1301,California Street,Castro City,Mountain View,Santa Clara County,California,94041,USA
18,37.39115,-122.07897,379,Hope Street,,Mountain View,Santa Clara County,California,94041,USA
19,37.39062,-122.07932,403,California Street,Whisman Station,Mountain View,Santa Clara County,California,94041,USA
20,37.39035,-122.07788,572,California Street,Whisman Station,Mountain View,Santa Clara County,California,94041,USA
21,37.39018,-122.07792,567,California Street,Whisman Station,Mountain View,Santa Clara County,California,94041,USA
22,37.39066,-122.07706,356,Bush Street,Whisman Station,Mountain View,Santa Clara County,California,94041,USA
23,37.39034,-122.07665,488,Loreto Street,Whisman Station,Mountain View,Santa Clara County,California,94041,USA
24,37.39098,-122.07691,344,Bush Street,Whisman Station,Mountain View,Santa Clara County,California,94041,USA
25,37.39117,-122.07621,289,West Dana Street,Whisman Station,Mountain View,Santa Clara County,California,94041,USA
26,37.39117,-122.07621,289,West Dana Street,Whisman Station,Mountain View,Santa Clara County,California,94041,USA
27,37.3903,-122.0747,375,West Dana Street,Whisman Station,Mountain View,Santa Clara County,California,94041,USA
28,37.39029,-122.07469,373,West Dana Street,Whisman Station,Mountain View,Santa Clara County,California,94041,USA
29,37.39016,-122.07435,337,West Dana Street,Whisman Station,Mountain View,Santa Clara County,California,94041,USA
30,37.39444,-122.08841,1500,California Street,Castro City,Mountain View,Santa Clara County,California,94041,USA
31,37.86276,-122.26264,,,LeConte,Berkeley,Alameda County,California,,USA
32,37.86399,-122.26079,2385,Blake Street,LeConte,Berkeley,Alameda County,California,94704,USA
33,37.86305,-122.26103,2373,Parker Street,LeConte,Berkeley,Alameda County,California,94704,USA
34,37.86305,-122.26108,2371,Parker Street,LeConte,Berkeley,Alameda County,California,94704,USA
35,37.86305,-122.26108,2371,Parker Street,LeConte,Berkeley,Alameda County,California,94704,USA
36,37.86248,-122.26333,,Parker Street,LeConte,Berkeley,Alameda County,California,95704,USA
37,37.86248,-122.26333,,Parker Street,LeConte,Berkeley,Alameda County,California,95704,USA
38,37.86248,-122.26333,,Parker Street,LeConte,Berkeley,Alameda County,California,95704,USA
39,37.86248,-122.26333,,Parker Street,LeConte,Berkeley,Alameda County,California,95704,USA
40,37.86233,-122.26465,2200,Parker Street,LeConte,Berkeley,Alameda County,California,94704,USA
41,37.86233,-122.26465,2200,Parker Street,LeConte,Berkeley,Alameda County,California,94704,USA
42,37.86233,-122.26465,2200,Parker Street,LeConte,Berkeley,Alameda County,California,94704,USA
43,37.86173,-122.26292,2282,Carleton Street,LeConte,Berkeley,Alameda County,California,94704,USA
44,37.86186,-122.26245,,,LeConte,Berkeley,Alameda County,California,,USA
45,37.86188,-122.26307,2277,Carleton Street,LeConte,Berkeley,Alameda County,California,94704,USA
46,37.86871,-122.25587,,Bancroft Way,Southside,Berkeley,Alameda County,California,94720-1076,USA
47,37.85844,-122.26416,2810,Fulton Street,LeConte,Berkeley,Alameda County,California,94705,USA
48,37.85539,-122.26445,3001,Wheeler Street,LeConte,Berkeley,Alameda County,California,94705,USA
49,37.85467,-122.26499,2174,Emerson Street,South Berkeley,Berkeley,Alameda County,California,94705,USA
50,37.85436,-122.26082,3043,Halcyon Court,LeConte,Berkeley,Alameda County,California,94705,USA
51,37.85316,-122.26184,3157,Deakin Street,LeConte,Berkeley,Alameda County,California,94705,USA
52,37.86959,-122.25661,,Bancroft Way,Southside,Berkeley,Alameda County,California,94720-1076,USA
53,37.85368,-122.26353,,Prince Street,South Berkeley,Berkeley,Alameda County,California,94705,USA
54,37.85819,-122.26656,2813,Shattuck Avenue,LeConte,Berkeley,Alameda County,California,94705,USA
55,37.85655,-122.26563,2919,Lorina Street,LeConte,Berkeley,Alameda County,California,94705,USA
56,37.85983,-122.2648,2185,Ward Street,LeConte,Berkeley,Alameda County,California,94705,USA
57,37.85993,-122.26197,2733,Ellsworth Street,LeConte,Berkeley,Alameda County,California,94705,USA
58,37.8619,-122.26292,2285,Carleton Street,LeConte,Berkeley,Alameda County,California,94704,USA
59,37.86184,-122.26339,2261,Carleton Street,LeConte,Berkeley,Alameda County,California,94704,USA
60,37.85789,-122.2545,2910,Benvenue Avenue,Elmwood,Berkeley,Alameda County,California,94705,USA
61,37.85902,-122.25588,2848,Hillegass Avenue,Elmwood,Berkeley,Alameda County,California,94705,USA
62,37.85843,-122.25563,2889,Hillegass Avenue,Elmwood,Berkeley,Alameda County,California,94705,USA
63,37.86308,-122.25487,2623,Benvenue Avenue,Elmwood,Berkeley,Alameda County,California,94704,USA
64,37.85869,-122.25586,2870,Hillegass Avenue,Elmwood,Berkeley,Alameda County,California,94705,USA
65,37.86143,-122.25463,2715,Benvenue Avenue,Elmwood,Berkeley,Alameda County,California,94705,USA
66,37.86024,-122.25475,2786,Benvenue Avenue,Elmwood,Berkeley,Alameda County,California,94705,USA
67,37.85751,-122.2584,2907,Florence Street,Elmwood,Berkeley,Alameda County,California,94705,USA
68,37.85871,-122.25724,2828,Regent Street,Elmwood,Berkeley,Alameda County,California,94705,USA
69,37.86169,-122.2576,2698,Regent Street,Southside,Berkeley,Alameda County,California,94704,USA
70,37.85732,-122.2571,2918,Regent Street,Elmwood,Berkeley,Alameda County,California,94705,USA
71,37.85736,-122.25689,2585,Regent Street,Elmwood,Berkeley,Alameda County,California,94705,USA
72,37.85871,-122.25724,2828,Regent Street,Elmwood,Berkeley,Alameda County,California,94705,USA
73,37.87461,-122.28854,1659,Chestnut Street,Westbrae,Berkeley,Alameda County,California,94702,USA
74,37.88015,-122.26783,1501,Walnut Street,Gourmet Ghetto,Berkeley,Alameda County,California,94709,USA
75,37.8624,-122.29491,2376,Seventh Street,West Berkeley,Berkeley,Alameda County,California,94710,USA
76,37.83748,-122.29925,2230,Powell Street,,,Alameda County,California,94608,USA
77,37.85886,-122.28504,2650,Mabel Street,San Pablo Park,Berkeley,Alameda County,California,94702,USA
78,37.86997,-122.29734,1848,Seventh Street,West Berkeley,Berkeley,Alameda County,California,94710,USA
79,37.87005,-122.29736,1836,Seventh Street,West Berkeley,Berkeley,Alameda County,California,94710,USA
80,37.87015,-122.2974,1820,Seventh Street,West Berkeley,Berkeley,Alameda County,California,94710,USA
81,37.86909,-122.29705,1946,Seventh Street,West Berkeley,Berkeley,Alameda County,California,94710,USA
82,37.87248,-122.29582,1724,Ninth Street,West Berkeley,Berkeley,Alameda County,California,94710,USA
83,37.86758,-122.29271,1030,Addison Street,West Berkeley,Berkeley,Alameda County,California,94710,USA
84,37.84228,-122.27222,5732,Genoa Street,Longfellow,Oakland,Alameda County,California,94608,USA
85,37.86349,-122.26672,,Blake Street,LeConte,Berkeley,Alameda County,California,94703,USA
86,37.88371,-122.27303,1271,Bonita Avenue,North Berkeley,Berkeley,Alameda County,California,94709,USA
87,37.88067,-122.27187,1430,Milvia Street,North Berkeley,Berkeley,Alameda County,California,94709,USA
88,37.87429,-122.28318,,Virginia Street,Central Berkeley,Berkeley,Alameda County,California,94702,USA
89,37.87335,-122.29453,1035,Virginia Street,Ocean View,Berkeley,Alameda County,California,94710,USA
90,37.88109,-122.27505,1405,Josephine Street,North Berkeley,Berkeley,Alameda County,California,94709,USA
91,37.88123,-122.27456,1838,Rose Street,North Berkeley,Berkeley,Alameda County,California,94709,USA
92,37.88076,-122.275,1415,Josephine Street,North Berkeley,Berkeley,Alameda County,California,94709,USA
93,37.88349,-122.27126,1300,Henry Street,Gourmet Ghetto,Berkeley,Alameda County,California,94709,USA
94,37.88508,-122.2732,1207,Bonita Avenue,North Berkeley,Berkeley,Alameda County,California,94709,USA
95,37.88513,-122.2724,1212,Milvia Street,North Berkeley,Berkeley,Alameda County,California,94709,USA
96,37.87206,-122.28447,1863,Acton Street,Central Berkeley,Berkeley,Alameda County,California,94702,USA
97,37.86734,-122.28387,2191,Acton Street,Central Berkeley,Berkeley,Alameda County,California,94702,USA
98,37.86832,-122.28676,,Bonar Street,Poets Corner,Berkeley,Alameda County,California,94702,USA
99,37.8418,-122.21098,6242,Valley View Road,Montclair,Oakland,Alameda County,California,94611,USA
100,37.86894,-122.28203,2132,Sacramento Street,Central Berkeley,Berkeley,Alameda County,California,94702,USA
101,37.87026,-122.27608,1733,Addison Street,Central Berkeley,Berkeley,Alameda County,California,94703,USA
102,37.86789,-122.27617,2222,Roosevelt Avenue,Central Berkeley,Berkeley,Alameda County,California,94703,USA
103,37.88256,-122.28065,1645,Hopkins Street,Northbrae,Berkeley,Alameda County,California,94707,USA
104,37.87842,-122.26762,1601,Walnut Street,Gourmet Ghetto,Berkeley,Alameda County,California,94709,USA
105,37.88167,-122.26863,1414,Walnut Street,Gourmet Ghetto,Berkeley,Alameda County,California,94709,USA
106,37.88509,-122.26891,1230,Walnut Street,Gourmet Ghetto,Berkeley,Alameda County,California,94709,USA
107,37.85891,-122.29168,,Parker Street,San Pablo Park,Berkeley,Alameda County,California,94703,USA
108,37.86737,-122.29401,,,West Berkeley,Berkeley,Alameda County,California,,USA
109,37.86684,-122.29637,898,Addison Street,West Berkeley,Berkeley,Alameda County,California,94710,USA
110,37.88223,-122.26992,2095,Rose Street,Gourmet Ghetto,Berkeley,Alameda County,California,94709,USA
111,37.87295,-122.25508,,Gayley Road,Northside,Berkeley,Alameda County,California,94720-1076,USA
112,37.87011,-122.24713,44,,Panoramic Hill,Berkeley,Alameda County,California,94720-1076,USA
113,37.91935,-122.28613,8621,Terrace Drive,,,Contra Costa County,California,94530,USA
114,37.85114,-122.25084,6300,Mystic Street,Claremont,Berkeley,Alameda County,California,94618,USA
115,37.87147,-122.26252,,,Northside,Berkeley,Alameda County,California,94720,USA
116,37.85779,-122.26276,,Oregon Street,LeConte,Berkeley,Alameda County,California,94705,USA
117,37.90325,-122.27775,303,Arlington Avenue,Thousand Oaks,Berkeley,Contra Costa County,California,94707,USA
118,37.84024,-122.28879,43,Loop 22,,,Alameda County,California,94608,USA
119,37.84181,-122.28836,,,,,Alameda County,California,94608,USA
120,37.8442,-122.2777,954,60th Street,Golden Gate,Oakland,Alameda County,California,94608,USA
121,37.8434,-122.28769,1278,61st Street,,,Alameda County,California,94608,USA
122,37.87325,-122.27659,,,North Berkeley,Berkeley,Alameda County,California,94704,USA
123,37.87108,-122.27092,2020,Milvia Street,Downtown Berkeley,Berkeley,Alameda County,California,94704,USA
124,37.87488,-122.25945,,Soule Road,Northside,Berkeley,Alameda County,California,94720,USA
125,37.84912,-122.26262,6340,Racine Street,Idora Park,Oakland,Alameda County,California,94609,USA
126,37.85412,-122.25086,2816,Woolsey Street,Claremont,Berkeley,Alameda County,California,94705,USA
127,37.85339,-122.25178,3120,Lewiston Avenue,Elmwood,Berkeley,Alameda County,California,94705,USA
128,37.85401,-122.25224,2713,Woolsey Street,Elmwood,Berkeley,Alameda County,California,94705,USA
129,37.87437,-122.26697,,Hearst Avenue,Downtown Berkeley,Berkeley,Alameda County,California,94704,USA
130,37.83721,-122.21628,5680,Florence Terrace,Montclair,Oakland,Alameda County,California,94611,USA
131,37.86149,-122.26229,2657,Ellsworth Street,LeConte,Berkeley,Alameda County,California,94704,USA
132,37.86204,-122.25836,,Carleton Street,LeConte,Berkeley,Alameda County,California,95704,USA
133,37.86228,-122.26511,2600,Fulton Street,LeConte,Berkeley,Alameda County,California,95704,USA
134,37.86233,-122.26465,2200,Parker Street,LeConte,Berkeley,Alameda County,California,94704,USA
135,37.86233,-122.26465,2200,Parker Street,LeConte,Berkeley,Alameda County,California,94704,USA
136,37.86059,-122.26586,2111,Derby Street,LeConte,Berkeley,Alameda County,California,94705,USA
137,37.86061,-122.2657,2123,Derby Street,LeConte,Berkeley,Alameda County,California,94705,USA
138,37.86084,-122.26395,2223,Derby Street,LeConte,Berkeley,Alameda County,California,94705,USA
139,37.86106,-122.26216,2301,Derby Street,LeConte,Berkeley,Alameda County,California,94705,USA
140,37.86345,-122.26386,2252,Blake Street,LeConte,Berkeley,Alameda County,California,94704,USA
141,37.86276,-122.26264,,,LeConte,Berkeley,Alameda County,California,,USA
142,37.86516,-122.26323,2442,Ellsworth Street,LeConte,Berkeley,Alameda County,California,94704,USA
143,37.86204,-122.25836,,Carleton Street,LeConte,Berkeley,Alameda County,California,95704,USA
144,37.86228,-122.26511,2600,Fulton Street,LeConte,Berkeley,Alameda County,California,95704,USA
145,37.86417,-122.26302,2510,Ellsworth Street,LeConte,Berkeley,Alameda County,California,94704,USA
146,37.86204,-122.25836,,Carleton Street,LeConte,Berkeley,Alameda County,California,95704,USA
147,37.87629,-122.25602,,Highland Place,Northside,Berkeley,Alameda County,California,94720,USA
148,37.85297,-122.26793,2007,Prince Street,South Berkeley,Berkeley,Alameda County,California,94703,USA
149,37.85301,-122.26608,3101,Prince Street,South Berkeley,Berkeley,Alameda County,California,94705,USA
150,37.85371,-122.26668,2088,Essex Street,South Berkeley,Berkeley,Alameda County,California,94703,USA
151,37.85357,-122.26767,2028,Essex Street,South Berkeley,Berkeley,Alameda County,California,94703,USA
152,37.8547,-122.26661,,Emerson Street,South Berkeley,Berkeley,Alameda County,California,94705,USA
153,37.8547,-122.26661,,Emerson Street,South Berkeley,Berkeley,Alameda County,California,94705,USA
154,37.8587,-122.2667,,Stuart Street,LeConte,Berkeley,Alameda County,California,95704,USA
155,37.85965,-122.2644,2732,Fulton Street,LeConte,Berkeley,Alameda County,California,94705,USA
156,37.86078,-122.26438,2201,Derby Street,LeConte,Berkeley,Alameda County,California,94705,USA
157,37.86228,-122.26511,2600,Fulton Street,LeConte,Berkeley,Alameda County,California,95704,USA
158,37.86228,-122.26511,2600,Fulton Street,LeConte,Berkeley,Alameda County,California,95704,USA
159,37.86228,-122.26511,2600,Fulton Street,LeConte,Berkeley,Alameda County,California,95704,USA
160,37.85579,-122.26351,,,LeConte,Berkeley,Alameda County,California,94705,USA
161,37.85779,-122.26276,,Oregon Street,LeConte,Berkeley,Alameda County,California,94705,USA
162,37.85711,-122.26378,,,LeConte,Berkeley,Alameda County,California,,USA
163,37.85681,-122.26363,2917,Fulton Street,LeConte,Berkeley,Alameda County,California,94705,USA
164,37.86349,-122.26672,,Blake Street,LeConte,Berkeley,Alameda County,California,94703,USA
165,37.86199,-122.2626,2624,Ellsworth Street,LeConte,Berkeley,Alameda County,California,94704,USA
166,37.85983,-122.26216,2738,Ellsworth Street,LeConte,Berkeley,Alameda County,California,94705,USA
167,37.85948,-122.26208,2778,Ellsworth Street,LeConte,Berkeley,Alameda County,California,94705,USA
168,37.85945,-122.26208,2782,Ellsworth Street,LeConte,Berkeley,Alameda County,California,94705,USA
169,37.85943,-122.26207,2784,Ellsworth Street,LeConte,Berkeley,Alameda County,California,94705,USA
170,37.85779,-122.26276,,Oregon Street,LeConte,Berkeley,Alameda County,California,94705,USA
171,37.85231,-122.26738,2015,Woolsey Street,Lorin,Berkeley,Alameda County,California,94703,USA
172,37.85228,-122.2676,2009,Woolsey Street,Lorin,Berkeley,Alameda County,California,94703,USA
173,37.85276,-122.26476,2129,Woolsey Street,Lorin,Berkeley,Alameda County,California,94705,USA
174,37.85322,-122.26423,3104,Wheeler Street,LeConte,Berkeley,Alameda County,California,94705,USA
175,37.85447,-122.26232,3044,Deakin Street,LeConte,Berkeley,Alameda County,California,94705,USA
176,37.85704,-122.26272,2906,Deakin Street,LeConte,Berkeley,Alameda County,California,94705,USA
177,37.85652,-122.26739,2903,Newbury Street,South Berkeley,Berkeley,Alameda County,California,94703,USA
178,37.85634,-122.26738,2907,Newbury Street,South Berkeley,Berkeley,Alameda County,California,94703,USA
179,37.85706,-122.26346,2204,Russell Street,LeConte,Berkeley,Alameda County,California,94705,USA
180,37.86008,-122.26282,2271,Ward Street,LeConte,Berkeley,Alameda County,California,94705,USA
181,37.86001,-122.26341,2241,Ward Street,LeConte,Berkeley,Alameda County,California,94705,USA
182,37.8634,-122.26266,2541,Ellsworth Street,LeConte,Berkeley,Alameda County,California,94704,USA
183,37.86213,-122.26115,2359,Carleton Street,LeConte,Berkeley,Alameda County,California,94704,USA
184,37.86219,-122.26065,2383,Carleton Street,LeConte,Berkeley,Alameda County,California,94704,USA
185,37.86057,-122.25616,,Hillegass Avenue,Elmwood,Berkeley,Alameda County,California,94705,USA
186,37.86057,-122.25616,,Hillegass Avenue,Elmwood,Berkeley,Alameda County,California,94705,USA
187,37.85854,-122.25585,2880,Hillegass Avenue,Elmwood,Berkeley,Alameda County,California,94705,USA
188,37.85966,-122.25469,2810,Benvenue Avenue,Elmwood,Berkeley,Alameda County,California,94705,USA
189,37.86005,-122.25452,2799,Benvenue Avenue,Elmwood,Berkeley,Alameda County,California,94705,USA
190,37.86015,-122.25453,2793,Benvenue Avenue,Elmwood,Berkeley,Alameda County,California,94705,USA
191,37.86149,-122.25487,2708,Benvenue Avenue,Elmwood,Berkeley,Alameda County,California,94705,USA
192,37.86201,-122.25499,2688,Benvenue Avenue,Elmwood,Berkeley,Alameda County,California,94704,USA
193,37.86377,-122.25574,,Parker Street,LeConte,Berkeley,Alameda County,California,95704,USA
194,37.8658,-122.25549,,Dwight Way,Southside,Berkeley,Alameda County,California,94720-1076,USA
195,37.8658,-122.25489,,Dwight Way,Southside,Berkeley,Alameda County,California,94720-1076,USA
196,37.8658,-122.25489,,Dwight Way,Southside,Berkeley,Alameda County,California,94720-1076,USA
197,37.86585,-122.25428,,Dwight Way,Southside,Berkeley,Alameda County,California,94720-1076,USA
198,37.86529,-122.25815,2505,Dwight Way,Southside,Berkeley,Alameda County,California,94704,USA
199,37.86529,-122.25815,2505,Dwight Way,Southside,Berkeley,Alameda County,California,94704,USA
200,37.86529,-122.25815,2505,Dwight Way,Southside,Berkeley,Alameda County,California,94704,USA
201,37.86451,-122.25503,2529,Benvenue Avenue,Elmwood,Berkeley,Alameda County,California,94704,USA
202,37.86491,-122.2662,,Haste Street,LeConte,Berkeley,Alameda County,California,95704,USA
203,37.855,-122.25485,3037,Hillegass Avenue,Elmwood,Berkeley,Alameda County,California,94705,USA
204,37.854,-122.25495,3086,Hillegass Avenue,Elmwood,Berkeley,Alameda County,California,94705,USA
205,37.85883,-122.25292,2887,College Avenue,Elmwood,Berkeley,Alameda County,California,94720-1076,USA
206,37.85893,-122.25718,2499,Oregon Street,LeConte,Berkeley,Alameda County,California,94705,USA
207,37.86545,-122.26125,,Haste Street,Southside,Berkeley,Alameda County,California,95704,USA
208,37.86371,-122.26314,2291,Blake Street,LeConte,Berkeley,Alameda County,California,94704,USA
209,37.86304,-122.26116,2367,Parker Street,LeConte,Berkeley,Alameda County,California,94704,USA
210,37.86373,-122.26147,2332,Blake Street,LeConte,Berkeley,Alameda County,California,94704,USA
211,37.86306,-122.26095,2377,Parker Street,LeConte,Berkeley,Alameda County,California,94704,USA
212,37.86294,-122.25972,2410,Parker Street,LeConte,Berkeley,Alameda County,California,95704,USA
213,37.86199,-122.26225,2305,Carleton Street,LeConte,Berkeley,Alameda County,California,94704,USA
214,37.87078,-122.27293,,Martin Luther King Junior Way,Downtown Berkeley,Berkeley,Alameda County,California,94704,USA
215,37.86306,-122.26099,2375,Parker Street,LeConte,Berkeley,Alameda County,California,94704,USA
216,37.86073,-122.2572,,,Elmwood,Berkeley,Alameda County,California,94705,USA
217,37.86075,-122.25806,,Derby Street,LeConte,Berkeley,Alameda County,California,95704,USA
218,37.8595,-122.26079,2333,Stuart Street,LeConte,Berkeley,Alameda County,California,94705,USA
219,37.8592,-122.26021,2334,Stuart Street,LeConte,Berkeley,Alameda County,California,94705,USA
220,37.85871,-122.25724,2828,Regent Street,Elmwood,Berkeley,Alameda County,California,94705,USA
221,37.85737,-122.2586,2912,Florence Street,Elmwood,Berkeley,Alameda County,California,94705,USA
222,37.8569,-122.25829,2921,Florence Street,Elmwood,Berkeley,Alameda County,California,94705,USA
223,37.8618,-122.25541,2629,Derby Street,Elmwood,Berkeley,Alameda County,California,94705,USA
224,37.85819,-122.26411,2818,Fulton Street,LeConte,Berkeley,Alameda County,California,94705,USA
225,37.85423,-122.26462,2139,Essex Street,South Berkeley,Berkeley,Alameda County,California,94705,USA
226,37.7953,-122.39618,,,,SF,SF,California,94111,USA
227,37.79496,-122.39848,,,,SF,SF,California,94111,USA
228,38.56057,-121.73907,,East Covell Boulevard,,,Yolo County,California,95616,USA
229,38.55109,-121.76284,1076,West 8th Street,,,Yolo County,California,95616,USA
230,38.5636,-121.71654,,East Covell Boulevard,,,Yolo County,California,95617,USA
231,38.53889,-121.73652,901,West Chiles Road,,,Yolo County,California,95618,USA
232,38.55968,-121.72281,1484,Nutmeg Lane,,,Yolo County,California,95618,USA
233,39.39913,-122.10202,,,,,Colusa County,California,,USA
234,38.54455,-121.70069,4198,Hackberry Place,,,Yolo County,California,95618,USA
235,38.82674,-121.71797,20616,CA 113,,,Sutter County,California,95645,USA
236,38.54481,-121.70193,987,La Paz Drive,,,Yolo County,California,95618,USA
237,39.36829,-121.72789,1807,Brandon Road,,,Butte County,California,95948,USA
238,38.55719,-121.69708,,Alhambra Drive,,,Yolo County,California,95618,USA
239,38.55797,-121.69878,4506,Alhambra Drive,,,Yolo County,California,95618,USA
240,38.55123,-121.68578,5215,Hamel Street,,,Yolo County,California,95618,USA
241,38.71845,-121.9059,,,,,Yolo County,California,,USA
242,38.57143,-121.72087,2323,Rockwell Drive,,,Yolo County,California,CA 95616,USA
243,38.55665,-121.71291,,,,,Yolo County,California,95617,USA
244,38.54381,-121.70011,,,,,Yolo County,California,95618,USA
245,38.54134,-121.75139,,West Quad Avenue,,,Yolo County,California,95616,USA
246,38.54058,-121.727,1570,Drew Avenue,,,Yolo County,California,95618,USA
247,38.53642,-121.74702,,Arboretum Drive,,,Solano County,California,95616,USA
248,38.55798,-121.71069,,Loyola Drive,,,Yolo County,California,95617,USA
249,38.57489,-121.75412,599,Mockingbird Place,,,Yolo County,California,95616,USA
250,38.55368,-121.76505,1147,Sycamore Lane,,,Yolo County,California,95616,USA
251,38.55398,-121.7429,750,11th Street,,,Yolo County,California,95616,USA
252,38.54358,-121.74903,,North Quad,,,Yolo County,California,95616,USA
253,38.54022,-121.75601,,Kleiber Hall Drive,,,Yolo County,California,95616,USA
254,38.54157,-121.75201,,California Avenue,,,Yolo County,California,95616,USA
255,38.54507,-121.70201,949,La Paz Drive,,,Yolo County,California,95618,USA
256,38.54068,-121.74827,,East Quad Avenue,,,Yolo County,California,95616,USA
257,38.54571,-121.76004,,Russell Boulevard,,,Yolo County,California,95616,USA
258,38.53858,-121.76331,,Hutchison Drive,,,Yolo County,California,95616-5270,USA
259,38.56387,-121.71319,,East Covell Boulevard,,,Yolo County,California,95617,USA
260,38.5722,-121.74696,,F Street,,,Yolo County,California,CA 95616,USA
261,38.57489,-121.75412,599,Mockingbird Place,,,Yolo County,California,95616,USA
262,38.53363,-121.79077,,Apiary Drive,,,Yolo County,California,95616-5270,USA
263,38.55695,-121.72895,1903,Georgia Place,,,Yolo County,California,95617,USA
264,34.07892,-118.25342,1482,Scott Avenue,Echo Park,LA,Los Angeles County,California,90026,USA
265,34.0914,-118.25345,2117,Lake Shore Avenue,Silver Lake Heights,LA,Los Angeles County,California,90039,USA
266,34.08991,-118.2547,2025,Lake Shore Avenue,Silver Lake Heights,LA,Los Angeles County,California,90039,USA
267,34.09468,-118.24799,2432,Echo Park Avenue,Silver Lake Heights,LA,Los Angeles County,California,90026,USA
268,34.09474,-118.24805,2436,Echo Park Avenue,Silver Lake Heights,LA,Los Angeles County,California,90026,USA
269,34.08654,-118.24769,2006,Park Drive,Silver Lake Heights,LA,Los Angeles County,California,90026,USA
270,34.08645,-118.2479,1400,Ewing Street,Silver Lake Heights,LA,Los Angeles County,California,90026,USA
271,34.08667,-118.24771,1423,Ewing Street,Silver Lake Heights,LA,Los Angeles County,California,90026,USA
272,34.08667,-118.24754,2016,Park Drive,Silver Lake Heights,LA,Los Angeles County,California,90026,USA
273,34.08676,-118.24744,2023,Park Drive,Silver Lake Heights,LA,Los Angeles County,California,90026,USA
274,34.08671,-118.2475,2019,Park Drive,Silver Lake Heights,LA,Los Angeles County,California,90026,USA
275,34.08692,-118.24726,2036,Park Drive,Silver Lake Heights,LA,Los Angeles County,California,90026,USA
276,34.082,-118.25051,1735,Sargent Place,Echo Park,LA,Los Angeles County,California,90026,USA
277,34.08083,-118.25155,1694,Sargent Court,Echo Park,LA,Los Angeles County,California,90026,USA
278,34.07986,-118.25285,1501,Bruce Court,Echo Park,LA,Los Angeles County,California,90026,USA
279,34.08409,-118.25545,1744,Lemoyne Street,Echo Park,LA,Los Angeles County,California,90026,USA
280,34.08417,-118.25533,1756,Lemoyne Street,Echo Park,LA,Los Angeles County,California,90026,USA
281,34.08427,-118.25519,1770,Lemoyne Street,Echo Park,LA,Los Angeles County,California,90026,USA
282,34.08379,-118.25604,1677,Lemoyne Street,Echo Park,LA,Los Angeles County,California,90026,USA
283,34.09147,-118.25338,2121,Lake Shore Avenue,Silver Lake Heights,LA,Los Angeles County,California,90039,USA
284,34.08996,-118.25444,2034,Lake Shore Avenue,Silver Lake Heights,LA,Los Angeles County,California,90039,USA
285,34.09197,-118.25325,2027,Cove Avenue,Silver Lake Heights,LA,Los Angeles County,California,90039,USA
286,34.08782,-118.25402,1918,Lemoyne Street,Silver Lake Heights,LA,Los Angeles County,California,90026,USA
287,34.08676,-118.25433,1882,Lemoyne Street,Silver Lake Heights,LA,Los Angeles County,California,90026,USA
288,34.0911,-118.25071,2138,Vestal Avenue,Silver Lake Heights,LA,Los Angeles County,California,90026,USA
289,34.09456,-118.25301,2242,North Alvarado Street,Silver Lake Heights,LA,Los Angeles County,California,90039,USA
290,34.09157,-118.24571,1503,Cerro Gordo Street,Silver Lake Heights,LA,Los Angeles County,California,90026,USA
291,34.0837,-118.25415,1708,Echo Park Avenue,Echo Park,LA,Los Angeles County,California,90026,USA
292,34.0818,-118.2544,1614,Echo Park Avenue,Echo Park,LA,Los Angeles County,California,90026,USA
293,34.0814,-118.25369,,Morton Avenue,Echo Park,LA,Los Angeles County,California,90026-3148,USA
294,34.08163,-118.25093,1689,Sargent Place,Echo Park,LA,Los Angeles County,California,90026,USA
295,34.07921,-118.2532,1517,Sargent Place,Echo Park,LA,Los Angeles County,California,90026,USA
296,34.08236,-118.25911,1556,Liberty Street,Echo Park,LA,Los Angeles County,California,90026,USA
297,34.08391,-118.2557,1718,Lemoyne Street,Echo Park,LA,Los Angeles County,California,90026,USA
298,34.09022,-118.25293,2081,Lemoyne Street,Silver Lake Heights,LA,Los Angeles County,California,90026,USA
299,34.09043,-118.25112,2114,Vestal Avenue,Silver Lake Heights,LA,Los Angeles County,California,90026,USA
300,34.08772,-118.25562,1934,Avalon Street,Silver Lake Heights,LA,Los Angeles County,California,90039,USA
301,34.08459,-118.25927,1653,North Alvarado Street,Echo Park,LA,Los Angeles County,California,90026,USA
302,34.08952,-118.25008,,Baxter Street,Silver Lake Heights,LA,Los Angeles County,California,90026-3148,USA
303,34.0916,-118.25063,2163,Vestal Avenue,Silver Lake Heights,LA,Los Angeles County,California,90026,USA
304,34.08347,-118.25422,1701,Lucretia Avenue,Echo Park,LA,Los Angeles County,California,90026,USA
305,34.08361,-118.25615,1657,Lemoyne Street,Echo Park,LA,Los Angeles County,California,90026,USA
306,34.08268,-118.25848,1912,Berkeley Avenue,Echo Park,LA,Los Angeles County,California,90026,USA
307,34.08186,-118.25801,1898,Grafton Street,Echo Park,LA,Los Angeles County,California,90026,USA
308,34.0811,-118.25844,1896,Scott Avenue,Echo Park,LA,Los Angeles County,California,90026,USA
309,34.0814,-118.25369,,Morton Avenue,Echo Park,LA,Los Angeles County,California,90026-3148,USA
310,34.09217,-118.25346,2099,Cove Avenue,Silver Lake Heights,LA,Los Angeles County,California,90039,USA
311,34.09217,-118.25346,2099,Cove Avenue,Silver Lake Heights,LA,Los Angeles County,California,90039,USA
312,34.09553,-118.25044,1999,Landa Street,Silver Lake Heights,LA,Los Angeles County,California,90039,USA
313,34.09183,-118.24631,1525,Cerro Gordo Street,Silver Lake Heights,LA,Los Angeles County,California,90026,USA
314,34.0911,-118.24505,1456,Cerro Gordo Street,Silver Lake Heights,LA,Los Angeles County,California,90026,USA
315,34.0915,-118.24388,2326,Vista Gordo Drive,Silver Lake Heights,LA,Los Angeles County,California,90026,USA
316,34.0915,-118.24388,2326,Vista Gordo Drive,Silver Lake Heights,LA,Los Angeles County,California,90026,USA
317,34.09142,-118.2437,2320,Vista Gordo Drive,Silver Lake Heights,LA,Los Angeles County,California,90026,USA
318,34.08965,-118.24772,2152,Valentine Street,Silver Lake Heights,LA,Los Angeles County,California,90026,USA
319,34.08683,-118.24736,2029,Park Drive,Silver Lake Heights,LA,Los Angeles County,California,90026,USA
320,34.08662,-118.2476,2012,Park Drive,Silver Lake Heights,LA,Los Angeles County,California,90026,USA
321,34.08703,-118.24713,2045,Park Drive,Silver Lake Heights,LA,Los Angeles County,California,90026,USA
322,34.0863,-118.24796,1999,Park Drive,Echo Park,LA,Los Angeles County,California,90026,USA
323,34.08622,-118.24805,1977,Park Drive,Echo Park,LA,Los Angeles County,California,90026,USA
324,34.08609,-118.24879,1998,Duane Street,Silver Lake Heights,LA,Los Angeles County,California,90026,USA
325,34.08609,-118.24879,1998,Duane Street,Silver Lake Heights,LA,Los Angeles County,California,90026,USA
326,34.08609,-118.24879,1998,Duane Street,Silver Lake Heights,LA,Los Angeles County,California,90026,USA
327,34.08609,-118.24879,1998,Duane Street,Silver Lake Heights,LA,Los Angeles County,California,90026,USA
328,34.08609,-118.2488,1990,Duane Street,Silver Lake Heights,LA,Los Angeles County,California,90026,USA
329,34.08617,-118.24897,1999,Duane Street,Silver Lake Heights,LA,Los Angeles County,California,90026,USA
330,34.08617,-118.24811,1962,Park Drive,Echo Park,LA,Los Angeles County,California,90026,USA
331,34.08072,-118.25286,1635,Bruce Court,Echo Park,LA,Los Angeles County,California,90026,USA
332,34.0788,-118.25194,1540,Portia Street,Echo Park,LA,Los Angeles County,California,90026,USA
333,34.09085,-118.25382,2098,Lake Shore Avenue,Silver Lake Heights,LA,Los Angeles County,California,90039,USA
334,34.09112,-118.25387,2001,Baxter Street,Silver Lake Heights,LA,Los Angeles County,California,90039,USA
335,34.08629,-118.2559,1851,Lake Shore Avenue,Silver Lake Heights,LA,Los Angeles County,California,90026,USA
336,34.08625,-118.25571,1846,Lake Shore Avenue,Silver Lake Heights,LA,Los Angeles County,California,90026,USA
337,34.09164,-118.25038,2182,Vestal Avenue,Silver Lake Heights,LA,Los Angeles County,California,90026,USA
338,34.09251,-118.24593,2399,Valentine Street,Silver Lake Heights,LA,Los Angeles County,California,90026,USA
339,34.09084,-118.24398,2301,Vista Gordo Drive,Silver Lake Heights,LA,Los Angeles County,California,90026,USA
340,34.08428,-118.2538,1726,Echo Park Avenue,Echo Park,LA,Los Angeles County,California,90026,USA
341,34.08366,-118.25439,1717,Echo Park Avenue,Echo Park,LA,Los Angeles County,California,90026,USA
342,34.07887,-118.2519,1558,Portia Street,Echo Park,LA,Los Angeles County,California,90026,USA
343,34.08916,-118.25642,,North Alvarado Street,Silver Lake Heights,LA,Los Angeles County,California,90026-3148,USA
344,34.08893,-118.25656,,North Alvarado Street,Silver Lake Heights,LA,Los Angeles County,California,90026-3148,USA
345,34.09086,-118.25548,,North Alvarado Street,Silver Lake Heights,LA,Los Angeles County,California,90026-3148,USA
346,34.09222,-118.25345,2052,Cerro Gordo Street,Silver Lake Heights,LA,Los Angeles County,California,90039,USA
347,34.09237,-118.25261,2178,Lake Shore Avenue,Silver Lake Heights,LA,Los Angeles County,California,90039,USA
348,34.09253,-118.25139,2205,Lemoyne Street,Silver Lake Heights,LA,Los Angeles County,California,90026,USA
349,34.08989,-118.25142,1798,Baxter Street,Silver Lake Heights,LA,Los Angeles County,California,90026,USA
350,34.08368,-118.25699,1648,Lake Shore Avenue,Echo Park,LA,Los Angeles County,California,90026,USA
351,34.08679,-118.253,1701,Avalon Street,Silver Lake Heights,LA,Los Angeles County,California,90026,USA
352,34.08766,-118.25281,1946,Vestal Avenue,Silver Lake Heights,LA,Los Angeles County,California,90026,USA
353,34.09149,-118.25048,2158,Vestal Avenue,Silver Lake Heights,LA,Los Angeles County,California,90026,USA
354,34.09134,-118.25079,2155,Vestal Avenue,Silver Lake Heights,LA,Los Angeles County,California,90026,USA
355,34.09468,-118.25294,2260,North Alvarado Street,Silver Lake Heights,LA,Los Angeles County,California,90039,USA
356,34.09556,-118.25074,1901,Whitmore Avenue,Silver Lake Heights,LA,Los Angeles County,California,90039,USA
357,34.09556,-118.25078,1903,Whitmore Avenue,Silver Lake Heights,LA,Los Angeles County,California,90039,USA
358,34.09114,-118.24514,1465,Cerro Gordo Street,Silver Lake Heights,LA,Los Angeles County,California,90026,USA
359,34.09119,-118.24471,2399,Vista Gordo Drive,Silver Lake Heights,LA,Los Angeles County,California,90026,USA
360,34.09068,-118.24408,1420,Cerro Gordo Street,Silver Lake Heights,LA,Los Angeles County,California,90026,USA
361,34.0845,-118.25442,1759,Effie Street,Echo Park,LA,Los Angeles County,California,90026,USA
362,34.08443,-118.25426,1735,Effie Street,Echo Park,LA,Los Angeles County,California,90026,USA
363,34.08345,-118.2539,1701,Ashmore Place,Echo Park,LA,Los Angeles County,California,90026,USA
364,34.08229,-118.2578,1898,Berkeley Avenue,Echo Park,LA,Los Angeles County,California,90026,USA
365,34.08299,-118.25653,1589,Lemoyne Street,Echo Park,LA,Los Angeles County,California,90026,USA
366,34.08152,-118.2582,1514,Lake Shore Avenue,Echo Park,LA,Los Angeles County,California,90026,USA
367,34.08122,-118.25829,1881,Scott Avenue,Echo Park,LA,Los Angeles County,California,90026,USA
368,34.08155,-118.25442,1600,Echo Park Avenue,Echo Park,LA,Los Angeles County,California,90026,USA
369,34.08334,-118.25214,1789,Morton Terrace,Echo Park,LA,Los Angeles County,California,90026,USA
370,34.08099,-118.25391,1583,Parmer Avenue,Echo Park,LA,Los Angeles County,California,90026,USA
371,34.08142,-118.25091,1676,Sargent Place,Echo Park,LA,Los Angeles County,California,90026,USA
372,34.07932,-118.25312,1533,Sargent Place,Echo Park,LA,Los Angeles County,California,90026,USA
373,34.09114,-118.25374,2101,Lake Shore Avenue,Silver Lake Heights,LA,Los Angeles County,California,90039,USA
374,34.08121,-118.25432,1582,Morton Avenue,Echo Park,LA,Los Angeles County,California,90026,USA
375,34.09387,-118.24794,1598,Altivo Way,Silver Lake Heights,LA,Los Angeles County,California,90026,USA
376,34.09317,-118.24587,2451,Valentine Street,Silver Lake Heights,LA,Los Angeles County,California,90026,USA
377,34.09309,-118.24589,2441,Valentine Street,Silver Lake Heights,LA,Los Angeles County,California,90026,USA
378,34.09161,-118.2458,1507,Cerro Gordo Street,Silver Lake Heights,LA,Los Angeles County,California,90026,USA
379,34.09111,-118.24589,2267,Avon Street,Silver Lake Heights,LA,Los Angeles County,California,90026,USA
380,34.09137,-118.24545,,Cerro Gordo Street,Silver Lake Heights,LA,Los Angeles County,California,90065-1256,USA
381,34.09099,-118.24478,1454,Cerro Gordo Street,Silver Lake Heights,LA,Los Angeles County,California,90026,USA
382,34.08968,-118.24889,2130,Princeton Avenue,Silver Lake Heights,LA,Los Angeles County,California,90026,USA
383,34.08411,-118.25026,1845,Morton Avenue,Echo Park,LA,Los Angeles County,California,90026,USA
384,34.08321,-118.25228,1588,Morton Terrace,Echo Park,LA,Los Angeles County,California,90026,USA
385,34.08332,-118.25212,1779,Morton Terrace,Echo Park,LA,Los Angeles County,California,90026,USA
386,34.08336,-118.25215,1799,Morton Terrace,Echo Park,LA,Los Angeles County,California,90026,USA
387,34.08301,-118.25129,1727,Morton Avenue,Echo Park,LA,Los Angeles County,California,90026,USA
388,34.08257,-118.25091,1701,,Echo Park,LA,Los Angeles County,California,90026,USA
389,34.08266,-118.25197,1719,Morton Avenue,Echo Park,LA,Los Angeles County,California,90026,USA
390,34.08254,-118.25183,1722,Morton Avenue,Echo Park,LA,Los Angeles County,California,90026,USA
391,34.08248,-118.25193,1716,Morton Avenue,Echo Park,LA,Los Angeles County,California,90026,USA
392,34.07894,-118.25347,1484,Scott Avenue,Echo Park,LA,Los Angeles County,California,90026,USA
393,34.08088,-118.25365,1574,Parmer Avenue,Echo Park,LA,Los Angeles County,California,90026,USA
394,34.08173,-118.2544,1610,Echo Park Avenue,Echo Park,LA,Los Angeles County,California,90026,USA
395,34.08082,-118.25561,1642,Grafton Street,Echo Park,LA,Los Angeles County,California,90026,USA
396,34.08035,-118.25628,1631,Scott Avenue,Echo Park,LA,Los Angeles County,California,90026,USA
397,34.08078,-118.25727,1713,Scott Avenue,Echo Park,LA,Los Angeles County,California,90026,USA
398,34.08089,-118.25797,1840,Scott Avenue,Echo Park,LA,Los Angeles County,California,90026,USA
399,34.081,-118.25821,1868,Scott Avenue,Echo Park,LA,Los Angeles County,California,90026,USA
400,34.08148,-118.25822,1512,Lake Shore Avenue,Echo Park,LA,Los Angeles County,California,90026,USA
401,34.08165,-118.25836,1521,Lake Shore Avenue,Echo Park,LA,Los Angeles County,California,90026,USA
402,34.08168,-118.2581,1522,Lake Shore Avenue,Echo Park,LA,Los Angeles County,California,90026,USA
403,34.08355,-118.25814,1924,Delta Street,Echo Park,LA,Los Angeles County,California,90026,USA
404,34.08443,-118.25935,1641,North Alvarado Street,Echo Park,LA,Los Angeles County,California,90026,USA
405,34.08491,-118.25909,1677,North Alvarado Street,Echo Park,LA,Los Angeles County,California,90026,USA
406,34.08607,-118.25841,1727,North Alvarado Street,Echo Park,LA,Los Angeles County,California,90026,USA
407,34.0863,-118.25869,2122,Aaron Street,Hathaway Hills Estates,LA,Los Angeles County,California,90026,USA
408,34.08616,-118.25775,1700,North Alvarado Street,Silver Lake Heights,LA,Los Angeles County,California,90026-3148,USA
409,34.08641,-118.25588,1855,Lake Shore Avenue,Silver Lake Heights,LA,Los Angeles County,California,90026,USA
410,34.08685,-118.25577,1871,Lake Shore Avenue,Silver Lake Heights,LA,Los Angeles County,California,90026,USA
411,34.08574,-118.25453,1838,Lemoyne Street,Silver Lake Heights,LA,Los Angeles County,California,90026,USA
412,34.08652,-118.25279,1694,Avalon Street,Silver Lake Heights,LA,Los Angeles County,California,90026,USA
413,34.08704,-118.25427,1894,Lemoyne Street,Silver Lake Heights,LA,Los Angeles County,California,90026,USA
414,34.08719,-118.25569,1883,Lake Shore Avenue,Silver Lake Heights,LA,Los Angeles County,California,90026,USA
415,34.08807,-118.25392,1928,Lemoyne Street,Silver Lake Heights,LA,Los Angeles County,California,90026,USA
416,34.08915,-118.25494,1990,Lake Shore Avenue,Silver Lake Heights,LA,Los Angeles County,California,90039,USA
417,34.08944,-118.25561,2016,Ewing Street,Silver Lake Heights,LA,Los Angeles County,California,90026-3148,USA
418,34.09011,-118.25435,2044,Lake Shore Avenue,Silver Lake Heights,LA,Los Angeles County,California,90039,USA
419,34.09068,-118.25327,1940,Baxter Street,Silver Lake Heights,LA,Los Angeles County,California,90039,USA
420,34.0907,-118.25289,1901,Baxter Street,Silver Lake Heights,LA,Los Angeles County,California,90039,USA
421,34.09123,-118.25363,2107,Lake Shore Avenue,Silver Lake Heights,LA,Los Angeles County,California,90039,USA
422,34.09018,-118.25127,2104,Vestal Avenue,Silver Lake Heights,LA,Los Angeles County,California,90026,USA
423,34.09175,-118.25032,2198,Vestal Avenue,Silver Lake Heights,LA,Los Angeles County,California,90026,USA
424,34.08952,-118.25008,,Baxter Street,Silver Lake Heights,LA,Los Angeles County,California,90026-3148,USA
425,34.08846,-118.25232,1998,Vestal Avenue,Silver Lake Heights,LA,Los Angeles County,California,90026,USA
426,34.08846,-118.2522,1790,Ewing Street,Silver Lake Heights,LA,Los Angeles County,California,90026,USA
427,34.08836,-118.25197,1752,Ewing Street,Silver Lake Heights,LA,Los Angeles County,California,90026,USA
428,34.08965,-118.24891,2128,Princeton Avenue,Silver Lake Heights,LA,Los Angeles County,California,90026,USA
429,34.09201,-118.28053,,Sanborn Avenue,Silver Lake,LA,Los Angeles County,California,90029-2105,USA
430,34.09384,-118.28168,1150,Myra Avenue,Silver Lake,LA,Los Angeles County,California,90029,USA
431,34.09517,-118.2814,4237,Effie Street,Silver Lake,LA,Los Angeles County,California,90029,USA
432,34.09319,-118.28036,4039,Wit Place,Silver Lake,LA,Los Angeles County,California,90029,USA
433,34.09243,-118.27904,1136,Hyperion Avenue,Silver Lake,LA,Los Angeles County,California,90029,USA
434,34.09342,-118.2778,3858,Effie Street,Silver Lake,LA,Los Angeles County,California,90026,USA
435,34.09538,-118.27842,1280,Sanborn Avenue,Silver Lake,LA,Los Angeles County,California,90029,USA
436,34.09516,-118.27765,1269,Hyperion Avenue,Silver Lake,LA,Los Angeles County,California,90029,USA
437,34.09385,-118.27878,3932,Effie Street,Silver Lake,LA,Los Angeles County,California,90029,USA
438,34.09523,-118.27851,1270,Sanborn Avenue,Silver Lake,LA,Los Angeles County,California,90029,USA
439,34.09494,-118.27892,1245,Sanborn Avenue,Silver Lake,LA,Los Angeles County,California,90029,USA
440,34.09288,-118.28205,4181,Gateway Avenue,Silver Lake,LA,Los Angeles County,California,90029,USA
441,34.09278,-118.28196,4161,Gateway Avenue,Silver Lake,LA,Los Angeles County,California,90029,USA
442,34.09227,-118.2782,1653,Griffith Park Boulevard,Silver Lake,LA,Los Angeles County,California,90026,USA
443,34.09276,-118.27837,1671,Griffith Park Boulevard,Silver Lake,LA,Los Angeles County,California,90026,USA
444,34.09629,-118.28313,1335,Talmadge Street,Los Feliz,LA,Los Angeles County,California,90027,USA
445,34.09674,-118.28313,1377,Talmadge Street,Los Feliz,LA,Los Angeles County,California,90027,USA
446,34.09679,-118.28313,1381,Talmadge Street,Los Feliz,LA,Los Angeles County,California,90027,USA
447,34.09719,-118.28313,1419,Talmadge Street,Los Feliz,LA,Los Angeles County,California,90027,USA
448,34.09809,-118.28353,4348,Sunset Drive,Los Feliz,LA,Los Angeles County,California,90027,USA
449,34.09655,-118.28293,1358,Talmadge Street,Los Feliz,LA,Los Angeles County,California,90027,USA
450,34.09696,-118.28293,1396,Talmadge Street,Los Feliz,LA,Los Angeles County,California,90027,USA
451,34.09321,-118.28266,4218,Gateway Avenue,Silver Lake,LA,Los Angeles County,California,90029,USA
452,34.0933,-118.28276,4228,Gateway Avenue,Silver Lake,LA,Los Angeles County,California,90029,USA
453,34.09341,-118.28288,4240,Gateway Avenue,Silver Lake,LA,Los Angeles County,California,90029,USA
454,34.09638,-118.28313,1343,Talmadge Street,Los Feliz,LA,Los Angeles County,California,90027,USA
455,34.09291,-118.27662,3742,Effie Street,Silver Lake,LA,Los Angeles County,California,90026,USA
456,34.09289,-118.27875,1160,Hyperion Avenue,Silver Lake,LA,Los Angeles County,California,90029,USA
457,34.09338,-118.27843,1186,Hyperion Avenue,Silver Lake,LA,Los Angeles County,California,90029,USA
458,34.09359,-118.2807,1100,Manzanita Street,Silver Lake,LA,Los Angeles County,California,90029,USA
459,34.09597,-118.27579,1823,Griffith Park Boulevard,Silver Lake,LA,Los Angeles County,California,90026,USA
460,34.09644,-118.27526,1883,Griffith Park Boulevard,Silver Lake,LA,Los Angeles County,California,90026,USA
461,34.09624,-118.27549,1857,Griffith Park Boulevard,Silver Lake,LA,Los Angeles County,California,90026,USA
462,34.09409,-118.28039,1160,Manzanita Street,Silver Lake,LA,Los Angeles County,California,90029,USA
463,34.094,-118.28067,1141,Manzanita Street,Silver Lake,LA,Los Angeles County,California,90029,USA
464,34.09518,-118.27993,1247,Manzanita Street,Silver Lake,LA,Los Angeles County,California,90029,USA
465,34.09529,-118.27963,1264,Manzanita Street,Silver Lake,LA,Los Angeles County,California,90029,USA
466,34.09394,-118.28352,1098,Bates Avenue,Silver Lake,LA,Los Angeles County,California,90029,USA
467,34.08831,-118.27752,,Golden Gate Avenue,Silver Lake,LA,Los Angeles County,California,90026-2106,USA
468,34.0882,-118.27798,1385,Maltman Avenue,Silver Lake,LA,Los Angeles County,California,90026,USA
469,34.08807,-118.27727,3443,Larissa Drive,Silver Lake,LA,Los Angeles County,California,90026,USA
470,34.08791,-118.27738,3456,Larissa Drive,Silver Lake,LA,Los Angeles County,California,90026,USA
471,34.08688,-118.27644,3421,Larissa Drive,Silver Lake,LA,Los Angeles County,California,90026,USA
472,34.08628,-118.27607,3358,Larissa Drive,Silver Lake,LA,Los Angeles County,California,90026,USA
473,34.08322,-118.27551,,,Silver Lake,LA,Los Angeles County,California,90026-2106,USA
474,34.08387,-118.27435,3040,North Vendome Street,Silver Lake,LA,Los Angeles County,California,90026,USA
475,34.0812,-118.27633,833,North Vendome Street,Silver Lake,LA,Los Angeles County,California,90026,USA
476,34.08146,-118.27618,835,North Vendome Street,Silver Lake,LA,Los Angeles County,California,90026,USA
477,34.08133,-118.27671,3151,Marathon Street,Echo Park,LA,Los Angeles County,California,90026,USA
478,34.08639,-118.27831,,Tularosa Drive,Silver Lake,LA,Los Angeles County,California,90026-2106,USA
479,34.08686,-118.27838,3479,Descanso Drive,Silver Lake,LA,Los Angeles County,California,90026,USA
480,34.08386,-118.27826,899,Micheltorena Street,Silver Lake,LA,Los Angeles County,California,90026,USA
481,34.08412,-118.27809,917,Micheltorena Street,Silver Lake,LA,Los Angeles County,California,90026,USA
482,34.08714,-118.28132,,Lucille Avenue,Silver Lake,LA,Los Angeles County,California,90026-1530,USA
483,34.08668,-118.28181,,Lucille Avenue,Silver Lake,LA,Los Angeles County,California,90026-1530,USA
484,34.08637,-118.282,,Lucille Avenue,Silver Lake,LA,Los Angeles County,California,90026-1530,USA
485,34.08625,-118.28208,,Lucille Avenue,Silver Lake,LA,Los Angeles County,California,90026-1530,USA
486,34.08595,-118.28227,,Lucille Avenue,Silver Lake,LA,Los Angeles County,California,90026-1530,USA
487,34.08828,-118.28417,800,Manzanita Street,Silver Lake,LA,Los Angeles County,California,90029,USA
488,34.08376,-118.28364,,Lucille Avenue,Silver Lake,LA,Los Angeles County,California,90026-1530,USA
489,34.08445,-118.2832,,Lucille Avenue,Silver Lake,LA,Los Angeles County,California,90026-1530,USA
490,34.08068,-118.27959,3357,Ellsworth Street,Silver Lake,LA,Los Angeles County,California,90026,USA
491,34.08,-118.28208,611,Tularosa Drive,Silver Lake,LA,Los Angeles County,California,90026,USA
492,34.08027,-118.28302,604,Maltman Avenue,Silver Lake,LA,Los Angeles County,California,90026,USA
493,34.0807,-118.28275,634,Maltman Avenue,Silver Lake,LA,Los Angeles County,California,90026,USA
494,34.08056,-118.28284,624,Maltman Avenue,Silver Lake,LA,Los Angeles County,California,90026,USA
495,34.08665,-118.28328,837,Hyperion Avenue,Silver Lake,LA,Los Angeles County,California,90029,USA
496,34.09147,-118.28204,1050,Manzanita Street,Silver Lake,LA,Los Angeles County,California,90029,USA
497,34.08878,-118.28015,,Lucille Avenue,Silver Lake,LA,Los Angeles County,California,90026-1530,USA
498,34.09201,-118.28053,,Sanborn Avenue,Silver Lake,LA,Los Angeles County,California,90029-2105,USA
499,34.09115,-118.28131,1039,Sanborn Avenue,Silver Lake,LA,Los Angeles County,California,90029,USA
500,34.08706,-118.28279,860,Hyperion Avenue,Silver Lake,LA,Los Angeles County,California,90029,USA
501,34.08665,-118.28305,840,Hyperion Avenue,Silver Lake,LA,Los Angeles County,California,90029,USA
502,34.09022,-118.28066,1019,Hyperion Avenue,Silver Lake,LA,Los Angeles County,California,90029,USA
503,34.08833,-118.28186,931,Hyperion Avenue,Silver Lake,LA,Los Angeles County,California,90029,USA
504,34.0841,-118.28685,,Virgil Avenue,Silver Lake,LA,Los Angeles County,California,90029-3609,USA
505,34.11063,-118.28723,,Avocado Street,Los Feliz,LA,Los Angeles County,California,90027,USA
506,34.11547,-118.28976,2504,Aberdeen Avenue,Los Feliz,LA,Los Angeles County,California,90027,USA
507,34.11553,-118.28942,2512,Aberdeen Avenue,Los Feliz,LA,Los Angeles County,California,90027,USA
508,34.11563,-118.28919,2518,Aberdeen Avenue,Los Feliz,LA,Los Angeles County,California,90027,USA
509,34.11601,-118.28889,,Inverness Avenue,Los Feliz,LA,Los Angeles County,California,90027,USA
510,34.11334,-118.28858,2303,Inverness Avenue,Los Feliz,LA,Los Angeles County,California,90027,USA
511,34.0869,-118.2799,1300,Edgecliffe Drive,Silver Lake,LA,Los Angeles County,California,90026,USA
512,34.08209,-118.2821,715,Maltman Avenue,Silver Lake,LA,Los Angeles County,California,90026,USA
513,34.09285,-118.28828,4564,Lyman Place,Silver Lake,LA,Los Angeles County,California,90029,USA
514,34.05201,-118.44162,1629,Kelton Avenue,Westwood Village,LA,Los Angeles County,California,90024,USA
515,34.05167,-118.44108,1692,Kelton Avenue,Westwood Village,LA,Los Angeles County,California,90024,USA
516,34.05084,-118.44061,1725,Kelton Avenue,Westwood Village,LA,Los Angeles County,California,90024,USA
517,34.04962,-118.43927,"10925, 10927, 10929",Kelton Avenue,Westwood Village,LA,Los Angeles County,California,CA 90024,USA
518,34.04962,-118.43927,"10925, 10927, 10929",Kelton Avenue,Westwood Village,LA,Los Angeles County,California,CA 90024,USA
519,34.05375,-118.44262,1428,Kelton Avenue,Westwood Village,LA,Los Angeles County,California,CA 90024,USA
520,34.05507,-118.44375,1370,Kelton Avenue,Westwood Village,LA,Los Angeles County,California,CA 90024,USA
521,34.0503,-118.43837,1768,Midvale Avenue,Westwood Village,LA,Los Angeles County,California,CA 90024,USA
522,34.05044,-118.43847,1762,Midvale Avenue,Westwood Village,LA,Los Angeles County,California,CA 90024,USA
523,34.05187,-118.4398,1586,Midvale Avenue,Westwood Village,LA,Los Angeles County,California,CA 90024,USA
524,34.05177,-118.43968,1592,Massachusetts Avenue,West Los Angeles,LA,Los Angeles County,California,CA 90024,USA
525,34.05211,-118.43999,1574,Midvale Avenue,Westwood Village,LA,Los Angeles County,California,CA 90024,USA
526,34.05198,-118.43988,1580,Midvale Avenue,Westwood Village,LA,Los Angeles County,California,CA 90024,USA
527,34.05262,-118.44037,1550,Midvale Avenue,Westwood Village,LA,Los Angeles County,California,CA 90024,USA
528,34.05262,-118.44037,1550,Midvale Avenue,Westwood Village,LA,Los Angeles County,California,CA 90024,USA
529,34.04652,-118.43527,1980,Midvale Avenue,Westwood,LA,Los Angeles County,California,90025,USA
530,34.04531,-118.43423,2062,Midvale Avenue,Westwood,LA,Los Angeles County,California,90025,USA
531,34.04576,-118.43486,2019,Midvale Avenue,Westwood,LA,Los Angeles County,California,90025,USA
532,34.04524,-118.43441,2061,Midvale Avenue,Westwood,LA,Los Angeles County,California,90025,USA
533,34.04446,-118.43459,2054,Mississippi Avenue,Westwood,LA,Los Angeles County,California,90064-1508,USA
534,34.04446,-118.43374,2109,Midvale Avenue,Westwood,LA,Los Angeles County,California,90025,USA
535,34.04423,-118.43329,2136,Midvale Avenue,Westwood,LA,Los Angeles County,California,90025,USA
536,34.04319,-118.43305,10911,West Olympic Boulevard,Westwood,LA,Los Angeles County,California,90064,USA
537,34.05179,-118.443,"1523,1521",Veteran Avenue,Westwood Village,LA,Los Angeles County,California,CA 90024,USA
538,34.045,-118.43643,2008,Veteran Avenue,West Los Angeles,LA,Los Angeles County,California,CA 90024,USA
539,34.04464,-118.43617,2022,Veteran Avenue,West Los Angeles,LA,Los Angeles County,California,CA 90024,USA
540,34.04436,-118.43592,2034,Veteran Avenue,West Los Angeles,LA,Los Angeles County,California,CA 90024,USA
541,34.04493,-118.43773,1950,Greenfield Avenue,West Los Angeles,LA,Los Angeles County,California,CA 90024,USA
542,34.04894,-118.43433,10879,Missouri Avenue,Westwood,LA,Los Angeles County,California,90025,USA
543,34.05344,-118.43887,1573,Glendon Avenue,Westwood Village,LA,Los Angeles County,California,90024,USA
544,34.05372,-118.43914,1553,Glendon Avenue,Westwood Village,LA,Los Angeles County,California,90024,USA
545,34.05543,-118.43861,10792,Ohio Avenue,Westwood,LA,Los Angeles County,California,90024,USA
546,34.0593,-118.42914,1529,Thayer Avenue,Westwood,LA,Los Angeles County,California,90024,USA
547,34.05785,-118.42822,1637,Thayer Avenue,Westwood,LA,Los Angeles County,California,90024,USA
548,34.05715,-118.42782,1653,Thayer Avenue,Westwood,LA,Los Angeles County,California,90024,USA
549,34.06013,-118.42079,,Ensley Avenue,Westwood,LA,Los Angeles County,California,90024,USA
550,34.05781,-118.42569,10433,Eastborne Avenue,Westwood,LA,Los Angeles County,California,90024,USA
551,34.06066,-118.42975,10495,Rochester Avenue,Westwood,LA,Los Angeles County,California,90024,USA
552,34.06042,-118.4302,10505,Rochester Avenue,Westwood,LA,Los Angeles County,California,90024,USA
553,34.05847,-118.43346,10637,Rochester Avenue,Westwood,LA,Los Angeles County,California,90024,USA
554,34.05789,-118.43615,10723,Rochester Avenue,Westwood,LA,Los Angeles County,California,90024,USA
555,34.05722,-118.43867,10787,Rochester Avenue,Westwood,LA,Los Angeles County,California,90024,USA
556,34.05534,-118.44062,1419,Glendon Avenue,Westwood Village,LA,Los Angeles County,California,90024,USA
557,34.05498,-118.44006,1486,Glendon Avenue,Westwood Village,LA,Los Angeles County,California,90024,USA
558,34.05478,-118.44488,1370,Veteran Avenue,Westwood Village,LA,Los Angeles County,California,CA 90024,USA
559,34.05569,-118.44609,1320,Veteran Avenue,Westwood Village,LA,Los Angeles County,California,90024,USA
560,34.04588,-118.4546,11571,Ohio Avenue,West Los Angeles,LA,Los Angeles County,California,90025,USA
561,38.58194,-121.33752,,,,Sacramento,Sacramento County,California,95819-6055,USA
562,38.62677,-121.3531,4798,Good Court,,,Sacramento County,California,95608,USA
563,38.62677,-121.3531,4798,Good Court,,,Sacramento County,California,95608,USA
564,38.66732,-121.38401,3430,Hickory Street,,,Sacramento County,California,95652,USA
565,38.58213,-121.34381,1000,Harrington Way,,,Sacramento County,California,95608,USA
566,38.58436,-121.34378,1098,Harrington Way,,,Sacramento County,California,95608,USA
567,38.68326,-121.17077,,North Granite Circle,,,Sacramento County,California,95671,USA
568,38.68342,-121.17021,174,North Granite Circle,,,Sacramento County,California,95630,USA
569,38.68461,-121.16747,,,,,Sacramento County,California,95671,USA
570,38.67551,-121.1805,,Sutter Street,,,Sacramento County,California,95671,USA
571,38.67179,-121.12666,,,,,Sacramento County,California,95630,USA
572,38.67368,-121.12266,,,,,Sacramento County,California,95630,USA
573,38.57739,-121.35075,,,,Sacramento,Sacramento County,California,95819-6055,USA
574,39.00807,-122.4137,,,,,Colusa County,California,,USA
575,38.68156,-121.17237,368,Leidesdorff Street,,,Sacramento County,California,95630,USA
576,38.68129,-121.17302,,,,,Sacramento County,California,95671,USA
577,38.66273,-121.72965,,East Gibson Road,,Woodland,Yolo County,California,95776,USA
578,37.31472,-121.89751,586,Fisk Avenue,SoFA,San Jos,Santa Clara County,California,95125,USA
579,37.29966,-121.89081,999,Pine Avenue,,San Jos,Santa Clara County,California,95125,USA
580,37.30402,-121.88777,1589,Bird Avenue,,San Jos,Santa Clara County,California,95125,USA
581,37.31287,-121.89702,587,Snyder Avenue,SoFA,San Jos,Santa Clara County,California,95125,USA
582,37.31597,-121.89346,406,Atlanta Avenue,SoFA,San Jos,Santa Clara County,California,95125,USA
583,37.31511,-121.89825,618,Coe Avenue,SoFA,San Jos,Santa Clara County,California,95125,USA
584,37.31685,-121.89841,626,Riverside Drive,SoFA,San Jos,Santa Clara County,California,95125,USA
585,37.31595,-121.89912,881,Hartford Avenue,SoFA,San Jos,Santa Clara County,California,95125,USA
586,37.31587,-121.89912,889,Hartford Avenue,SoFA,San Jos,Santa Clara County,California,95125,USA
587,37.3158,-121.89912,895,Hartford Avenue,SoFA,San Jos,Santa Clara County,California,95125,USA
588,37.31496,-121.89849,636,Coe Avenue,SoFA,San Jos,Santa Clara County,California,95125,USA
589,37.31575,-121.89774,,Bird Avenue,SoFA,San Jos,Santa Clara County,California,95125,USA
590,37.31472,-121.89751,586,Fisk Avenue,SoFA,San Jos,Santa Clara County,California,95125,USA
591,37.31357,-121.90013,1010,Broadway Avenue,,San Jos,Santa Clara County,California,95125,USA
592,37.28558,-121.8994,1502,Curtner Avenue,,San Jos,Santa Clara County,California,95125,USA
593,37.2856,-121.89935,1500,Curtner Avenue,,San Jos,Santa Clara County,California,95125,USA
594,37.28637,-121.90671,1869,Georgetta Drive,,San Jos,Santa Clara County,California,95125,USA
595,37.31685,-121.89819,614,Riverside Drive,SoFA,San Jos,Santa Clara County,California,95125,USA
596,37.31386,-121.89697,554,Brooks Avenue,SoFA,San Jos,Santa Clara County,California,95125,USA
597,34.39943,-119.70403,1204,Del Oro Avenue,The Mesa,Santa Barbara,Santa Barbara County,California,93109,USA
598,34.40582,-119.6974,,,Waterfront,Santa Barbara,Santa Barbara County,California,93101,USA
599,34.4433,-119.81951,193,North Kellogg Avenue,,,Santa Barbara County,California,93111,USA
600,34.42399,-119.86701,6842,Phelps Road,Ellwood,,Santa Barbara County,California,93117,USA
601,34.41638,-119.70241,730,Bath Street,Waterfront,Santa Barbara,Santa Barbara County,California,93101,USA
602,34.39853,-119.517,,Eugenia Place,,Carpinteria,Santa Barbara County,California,CA 93013,USA
603,34.38422,-119.47832,6667,Rincon Road,,Carpinteria,Santa Barbara County,California,93013,USA
604,34.37913,-119.47635,,Bates Road,,,Ventura County,California,93013,USA
605,34.41293,-119.86017,6634,Sueno Road,,,Santa Barbara County,California,93117,USA
606,34.43386,-119.69857,725,East Micheltorena Street,Riviera,Santa Barbara,Santa Barbara County,California,93103,USA
607,34.43252,-119.69963,631,East Sola Street,Riviera,Santa Barbara,Santa Barbara County,California,93103,USA
608,34.43677,-119.70177,856,Arguello Road,Riviera,Santa Barbara,Santa Barbara County,California,93103,USA
609,34.41451,-119.71112,707,West Carrillo Street,Westside,Santa Barbara,Santa Barbara County,California,93101,USA
610,34.42095,-119.63664,1383,Danielson Road,,,Santa Barbara County,California,93108,USA
611,34.42046,-119.63852,1345,Virginia Road,,,Santa Barbara County,California,93108,USA
612,34.39673,-119.7159,1541,Shoreline Drive,The Mesa,Santa Barbara,Santa Barbara County,California,93109,USA
613,34.4211,-119.63816,1360,Virginia Road,,,Santa Barbara County,California,93103,USA
614,36.96631,-122.04312,298,Olive Street,,Santa Cruz,Santa Cruz County,California,95060,USA
615,36.96778,-122.04082,399,Trescony Street,,Santa Cruz,Santa Cruz County,California,95060,USA
616,36.97623,-122.03508,,Storey Street,,Santa Cruz,Santa Cruz County,California,95061,USA
617,36.98453,-122.05616,110,Farm Road,,Santa Cruz,Santa Cruz County,California,95064,USA
618,36.99828,-122.05281,,McLaughlin Drive,,Santa Cruz,Santa Cruz County,California,95064,USA
619,36.96775,-122.02593,144,Cedar Street,,Santa Cruz,Santa Cruz County,California,95060,USA
620,36.96546,-122.02342,315-321,Main Street,,Santa Cruz,Santa Cruz County,California,CA 95060-4619,USA
621,36.98851,-122.02621,,Ocean Street,,Santa Cruz,Santa Cruz County,California,1982,USA
622,36.9831,-122.02003,219,Washburn Avenue,,Santa Cruz,Santa Cruz County,California,95060,USA
623,36.95165,-122.04811,449,Modesto Avenue,,Santa Cruz,Santa Cruz County,California,95060,USA
624,36.97923,-122.05406,,Coolidge Drive,,Santa Cruz,Santa Cruz County,California,95064,USA
625,36.95664,-122.06238,163,Shaffer Road,,Santa Cruz,Santa Cruz County,California,95060,USA
626,36.95239,-122.02877,758,West Cliff Drive,,Santa Cruz,Santa Cruz County,California,95060,USA
627,38.44192,-122.70863,893,3rd Street,,Santa Rosa,Sonoma County,California,95404,USA
628,38.43654,-122.71228,,Santa Rosa Avenue,,Santa Rosa,Sonoma County,California,95402,USA
629,38.44598,-122.68527,2563,Magowan Drive,Montgomery Village,Santa Rosa,Sonoma County,California,95405,USA
630,38.45546,-122.71443,1583,Humboldt Street,,Santa Rosa,Sonoma County,California,95404,USA
631,38.43339,-122.70638,633,Hendley Street,,Santa Rosa,Sonoma County,California,95404,USA
632,38.43467,-122.71354,567,Julliard Park Drive,,Santa Rosa,Sonoma County,California,95401,USA
633,38.45766,-122.67187,56,Mission Boulevard,,Santa Rosa,Sonoma County,California,95409,USA
634,38.46166,-122.74301,2896,Apple Valley Lane,Coffey Park,Santa Rosa,Sonoma County,California,95403,USA
635,38.41373,-122.7395,2454,Old Stony Point,,Santa Rosa,Sonoma County,California,95407,USA
636,38.45785,-122.74026,,,,Santa Rosa,Sonoma County,California,95401,USA
637,38.4427,-122.68411,2571,Patio Court,,Santa Rosa,Sonoma County,California,95405,USA
638,38.44463,-122.71921,482,Klute Street,,Santa Rosa,Sonoma County,California,95401,USA
639,38.43653,-122.71125,613,Tupper Street,,Santa Rosa,Sonoma County,California,95404,USA
640,38.43791,-122.71095,,Sonoma Avenue,Montgomery Village,Santa Rosa,Sonoma County,California,95402,USA
641,38.44239,-122.70973,,4th Street,,Santa Rosa,Sonoma County,California,95402,USA
642,38.43661,-122.72102,,3rd Street,,Santa Rosa,Sonoma County,California,95402,USA
643,38.44323,-122.7083,303,Hope Street,,Santa Rosa,Sonoma County,California,95404,USA
644,38.44333,-122.70969,898,5th Street,,Santa Rosa,Sonoma County,California,95404,USA
645,38.45717,-122.71547,1798,Slater Street,,Santa Rosa,Sonoma County,California,95404,USA
646,38.41336,-122.71958,2793,Dowd Drive,,Santa Rosa,Sonoma County,California,95407,USA
647,38.43349,-122.72636,,North Dutton Avenue,,Santa Rosa,Sonoma County,California,95402,USA
648,38.44323,-122.66385,4761,Hoen Avenue,,Santa Rosa,Sonoma County,California,95405,USA
649,38.45213,-122.67781,180,Yulupa Circle,,Santa Rosa,Sonoma County,California,95405,USA
650,37.43131,-122.16937,,,,,Santa Clara County,California,94305-6015,USA
651,37.42152,-122.16446,611,Alvarado Row,,,Santa Clara County,California,94304,USA
652,37.42085,-122.16391,649,Alvarado Row,,,Santa Clara County,California,94304,USA
653,37.42034,-122.16328,683,Alvarado Row,,,Santa Clara County,California,94304,USA
654,37.42034,-122.16328,683,Alvarado Row,,,Santa Clara County,California,94304,USA
655,37.41912,-122.16074,721,Alvarado Row,,,Santa Clara County,California,94305,USA
656,37.42019,-122.1599,891,San Francisco Court,,,Santa Clara County,California,94305,USA
657,37.41839,-122.16125,755,Esplanada Way,,,Santa Clara County,California,94305,USA
658,37.41835,-122.16183,702,Esplanada Way,,,Santa Clara County,California,94305,USA
659,37.41824,-122.16046,803,Esplanada Way,,,Santa Clara County,California,94305,USA
660,37.41871,-122.15807,899,Esplanada Way,,,Santa Clara County,California,94305,USA
661,37.41821,-122.15887,840,Esplanada Way,,,Santa Clara County,California,94305,USA
662,37.41763,-122.15867,875,Santa Fe Avenue,,,Santa Clara County,California,94305,USA
663,37.41734,-122.16014,811,Santa Fe Avenue,,,Santa Clara County,California,94305,USA
664,37.41679,-122.16118,799,Alvarado Court,,,Santa Clara County,California,94305,USA
665,37.41921,-122.16463,668,Salvatierra Street,,,Santa Clara County,California,94304,USA
666,37.41979,-122.16607,619,Mayfield Avenue,,,Santa Clara County,California,94304,USA
667,37.41797,-122.16512,699,Constanzo Street,,,Santa Clara County,California,94305,USA
668,37.41851,-122.16529,,Mayfield Avenue,,,Santa Clara County,California,94304,USA
669,37.4189,-122.16588,,Dolores Street,,,Santa Clara County,California,94304,USA
670,37.42011,-122.16767,586,Mayfield Avenue,,,Santa Clara County,California,94304,USA
671,37.41658,-122.15929,835,Sonoma Terrace,,,Santa Clara County,California,94305,USA
672,37.4163,-122.15853,894,Sonoma Terrace,,,Santa Clara County,California,94305,USA
673,37.41549,-122.15907,,,,,Santa Clara County,California,94304,USA
674,37.41371,-122.15917,,,,,Santa Clara County,California,94304,USA
675,37.42091,-122.17002,675,Lomita Drive,,,Santa Clara County,California,94305-6015,USA
676,37.42144,-122.16304,,Cowell Lane,,,Santa Clara County,California,94304,USA
677,37.42307,-122.16878,549,,,,Santa Clara County,California,94305-6015,USA
678,37.42505,-122.17582,,Lane L,,,Santa Clara County,California,94305-6015,USA
679,37.41986,-122.1524,2220,Hanover Street,College Terrace,Palo Alto,Santa Clara County,California,94304,USA
680,37.40941,-122.05198,,Cody Road,Whisman Station,,Santa Clara County,California,94035-0016,USA
681,37.4201,-122.15199,2241,Hanover Street,College Terrace,Palo Alto,Santa Clara County,California,94304,USA
682,37.41957,-122.15094,2357,Hanover Street,College Terrace,Palo Alto,Santa Clara County,California,94304,USA
683,37.41923,-122.15309,1411,College Avenue,College Terrace,Palo Alto,Santa Clara County,California,94304,USA
684,37.41974,-122.15332,1386,College Avenue,College Terrace,Palo Alto,Santa Clara County,California,94304,USA
685,37.41974,-122.15332,1386,College Avenue,College Terrace,Palo Alto,Santa Clara County,California,94304,USA
686,37.4199,-122.15363,2149,Dartmouth Street,College Terrace,Palo Alto,Santa Clara County,California,94304,USA
687,37.41999,-122.15474,2050,Dartmouth Street,College Terrace,Palo Alto,Santa Clara County,California,94304,USA
688,37.41986,-122.15536,2011,Columbia Street,College Terrace,Palo Alto,Santa Clara County,California,94304,USA
689,37.41868,-122.15322,2249,Columbia Street,College Terrace,Palo Alto,Santa Clara County,California,94304,USA
690,37.41938,-122.15454,2109,Columbia Street,College Terrace,Palo Alto,Santa Clara County,California,94304,USA
691,37.41826,-122.15634,2035,Amherst Street,College Terrace,Palo Alto,Santa Clara County,California,94304,USA
692,37.23333,-121.68463,,,,,Santa Clara County,California,,USA
693,37.43131,-122.16937,,,,,Santa Clara County,California,94305-6015,USA
694,37.43131,-122.16937,,,,,Santa Clara County,California,94305-6015,USA
695,37.43131,-122.16937,,,,,Santa Clara County,California,94305-6015,USA
696,37.43131,-122.16937,,,,,Santa Clara County,California,94305-6015,USA
697,37.43131,-122.16937,,,,,Santa Clara County,California,94305-6015,USA
698,37.43131,-122.16937,,,,,Santa Clara County,California,94305-6015,USA
699,37.43131,-122.16937,,,,,Santa Clara County,California,94305-6015,USA
700,37.43131,-122.16937,,,,,Santa Clara County,California,94305-6015,USA
701,37.42481,-122.1687,519,,,,Santa Clara County,California,94305-6015,USA
702,37.42269,-122.16863,553,Mayfield Avenue,,,Santa Clara County,California,94305-6015,USA
703,37.42685,-122.16496,615,Crothers Way,,,Santa Clara County,California,94305-6015,USA
704,37.42685,-122.16496,615,Crothers Way,,,Santa Clara County,California,94305-6015,USA
705,37.43131,-122.16937,,,,,Santa Clara County,California,94305-6015,USA
706,37.42481,-122.1687,519,,,,Santa Clara County,California,94305-6015,USA
707,37.42148,-122.16553,578,Lane B,,,Santa Clara County,California,94305,USA
708,37.42201,-122.16563,582,Alvarado Row,,,Santa Clara County,California,94304,USA
709,37.42131,-122.16526,617,Santa Ynez Street,,,Santa Clara County,California,94305,USA
710,37.422,-122.17213,,Lomita Drive,,,Santa Clara County,California,94305-6015,USA
711,37.422,-122.17213,,Lomita Drive,,,Santa Clara County,California,94305-6015,USA
712,37.422,-122.17213,,Lomita Drive,,,Santa Clara County,California,94305-6015,USA
713,37.42221,-122.16602,576,Alvarado Row,,,Santa Clara County,California,94304,USA
714,37.43131,-122.16937,,,,,Santa Clara County,California,94305-6015,USA
715,37.41673,-122.17016,775,Santa Ynez Street,,,Santa Clara County,California,94305,USA
716,37.42577,-122.17941,,Santa Teresa Street,,,Santa Clara County,California,94305-6015,USA
717,37.42257,-122.16993,,Mayfield Avenue,,,Santa Clara County,California,94305-6015,USA
718,37.42311,-122.15939,,Ayrshire Court,,,Santa Clara County,California,94304,USA
719,37.42311,-122.15939,,Ayrshire Court,,,Santa Clara County,California,94304,USA
720,34.00361,-118.48448,,2nd Street,,Santa Monica,Los Angeles County,California,CA 90401,USA
721,34.00438,-118.48515,216,Hollister Avenue,,Santa Monica,Los Angeles County,California,90405,USA
722,34.00039,-118.48067,2859,2nd Street,,Santa Monica,Los Angeles County,California,90405,USA
723,34.00361,-118.48448,,2nd Street,,Santa Monica,Los Angeles County,California,CA 90401,USA
724,34.00741,-118.48638,2103,3rd Street,,Santa Monica,Los Angeles County,California,90405,USA
725,34.00353,-118.48099,,4th Street,,Santa Monica,Los Angeles County,California,CA 90405,USA
726,34.00361,-118.48448,,2nd Street,,Santa Monica,Los Angeles County,California,CA 90401,USA
727,33.99559,-118.48029,16,,Venice,LA,Los Angeles County,California,90291,USA
728,34.00898,-118.48665,,4th Street,,Santa Monica,Los Angeles County,California,CA 90401,USA
729,34.00483,-118.48229,,4th Street,,Santa Monica,Los Angeles County,California,CA 90405,USA
730,33.9966,-118.47398,344,4th Avenue,Venice,LA,Los Angeles County,California,90291,USA
731,34.0007,-118.47804,,4th Street,,Santa Monica,Los Angeles County,California,CA 90405,USA
732,33.99991,-118.47723,3091,4th Street,,Santa Monica,Los Angeles County,California,90405,USA
733,33.99629,-118.47307,449,Sunset Avenue,Venice,LA,Los Angeles County,California,90291,USA
734,33.99796,-118.46957,628,Sunset Avenue,Venice,LA,Los Angeles County,California,90291,USA
735,33.99826,-118.46937,647,Sunset Avenue,Venice,LA,Los Angeles County,California,90291,USA
736,33.99617,-118.47293,452,Sunset Avenue,Venice,LA,Los Angeles County,California,90291,USA
737,33.99656,-118.47394,345,4th Avenue,Venice,LA,Los Angeles County,California,90291,USA
738,34.00906,-118.48674,,4th Street,,Santa Monica,Los Angeles County,California,CA 90401,USA
739,33.99987,-118.4771,402,Marine Street,,Santa Monica,Los Angeles County,California,90405,USA
740,34.03403,-118.47028,2831,Broadway,,Santa Monica,Los Angeles County,California,90404,USA
741,34.03392,-118.47146,1449,Harvard Street,,Santa Monica,Los Angeles County,California,90404,USA
742,34.03208,-118.47242,2610,Broadway,,Santa Monica,Los Angeles County,California,90404,USA
743,34.03647,-118.4797,1120,25th Street,,Santa Monica,Los Angeles County,California,90404,USA
744,33.99409,-118.4461,13392,Zanja Street,Venice,,Los Angeles County,California,90066,USA
745,33.99555,-118.44648,2443,Glencoe Avenue,Venice,LA,Los Angeles County,California,90291,USA
746,33.99633,-118.46347,1036,Pleasant View Avenue,Venice,LA,Los Angeles County,California,90291,USA
747,33.99379,-118.46968,524,Broadway Street,Venice,LA,Los Angeles County,California,90291,USA
748,33.99341,-118.47076,459,Broadway Street,Venice,LA,Los Angeles County,California,90291,USA
749,33.99347,-118.47063,477,Broadway Street,Venice,LA,Los Angeles County,California,90291,USA
750,33.9969,-118.45504,1086,Amoroso Place,Venice,LA,Los Angeles County,California,90291,USA
751,33.99429,-118.47231,869,4th Avenue,Venice,LA,Los Angeles County,California,90291,USA
752,33.99976,-118.46558,868,Sunset Court,Venice,LA,Los Angeles County,California,90291,USA
753,33.9996,-118.46587,846,Sunset Court,Venice,LA,Los Angeles County,California,90291,USA
754,33.99911,-118.4668,776,Sunset Court,Venice,LA,Los Angeles County,California,90291,USA
755,33.99569,-118.46806,624,Brooks Avenue,Venice,LA,Los Angeles County,California,90291,USA
756,33.99272,-118.46714,580,San Juan Court,Venice,LA,Los Angeles County,California,90291,USA
757,33.99295,-118.46669,602,San Juan Court,Venice,LA,Los Angeles County,California,90291,USA
758,33.99328,-118.46608,624,San Juan Court,Venice,LA,Los Angeles County,California,90291,USA
759,33.99155,-118.467,509,Santa Clara Court,,LA,Los Angeles County,California,90291,USA
760,33.99107,-118.46593,,South Irving Tabor Court,,LA,Los Angeles County,California,90291-3879,USA
761,33.9915,-118.46492,600,California Court,Venice,LA,Los Angeles County,California,90291,USA
762,33.99133,-118.46524,,Electric Court,Venice,LA,Los Angeles County,California,90291-3879,USA
763,33.99373,-118.46201,,Millwood Court,Venice,LA,Los Angeles County,California,90291-3879,USA
764,33.99351,-118.46216,,Millwood Court,Venice,LA,Los Angeles County,California,90291-3879,USA
765,33.99367,-118.46113,1629,Oakwood Avenue,Venice,LA,Los Angeles County,California,90291,USA
766,33.99385,-118.46051,816,Rialto Court,Venice,LA,Los Angeles County,California,90291,USA
767,33.9942,-118.4605,821,Rialto Court,Venice,LA,Los Angeles County,California,90291,USA
768,33.99439,-118.46036,837,Rialto Court,Venice,LA,Los Angeles County,California,90291,USA
769,34.11653,-118.17774,6589,Crescent Street,,LA,Los Angeles County,California,90042,USA
770,34.07089,-118.44673,,,Westwood Village,LA,Los Angeles County,California,90095,USA
